类别,参数,常用取值,单位,说明
药剂,PAC投加率,20-60,mg/L,混凝沉淀按20-40，高浊度取上限
药剂,PAM投加率,0.5-2,mg/L,污泥脱水配药浓度0.1%-0.3%
药剂,次氯酸钠投加率(有效氯),5-10,mg/L,消毒接触时间30min以上
药剂,碳源(乙酸钠)投加率,按C/N=4-5计算,mg/L,反硝化补充碳源
水力,压力管道经济流速,0.7-1.5,m/s,小管径取下限，大管径取上限
水力,重力流管道最小流速,0.6,m/s,防淤积
水力,重力流管道最大流速,5,m/s,防冲刷
水力,常用管径(污水),DN200-DN1000,mm,支管DN200-400，干管DN500以上
生化,污泥负荷(传统活性污泥),0.2-0.4,kgBOD5/kgMLSS·d,设计取值
生化,污泥产率系数Y,0.4-0.8,kgMLSS/kgBOD5,生活污水0.5-0.6
生化,混合液浓度MLSS,2500-4500,mg/L,传统活性污泥法
生化,硝化需氧量,4.6,kgO2/kgNH3-N,理论值
生化,碳化需氧量,1.0-1.2,kgO2/kgBOD5,含内源呼吸
膜,MBR膜通量,15-25,L/m2·h,中空纤维膜设计通量
膜,UF膜通量,40-80,L/m2·h,超滤
膜,RO回收率,70-75,%,一级反渗透
膜,RO设计通量,15-20,L/m2·h,苦咸水膜
